setting,config,seed,acc,ece,nll,brier,weight_entropy,corr_weight_correct,missing_prototype_rate
f6r,uniform,0,0.349816,0.043315,2.534277,0.791887,1.7918,-0.0,0.0
f6r,entropy,0,0.349314,0.031482,2.532231,0.79386,1.7201,0.075,0.0
f6r,joint|mask,0,0.326822,0.029841,2.634956,0.809659,1.1875,0.0933,0.0
f6r,uniform,1,0.339882,0.031054,2.557262,0.798517,1.7918,-0.0,0.0
f6r,entropy,1,0.335417,0.028963,2.577836,0.802069,1.7201,0.075,0.0
f6r,joint|mask,1,0.316107,0.042533,2.661525,0.818525,1.1875,0.0933,0.0
f6r,uniform,2,0.33737,0.035181,2.57942,0.803441,1.7918,-0.0,0.0
f6r,entropy,2,0.341165,0.032531,2.562716,0.800658,1.7201,0.075,0.0
f6r,joint|mask,2,0.305391,0.048277,2.735918,0.82858,1.1875,0.0933,0.0
a60m,uniform,0,0.327157,0.059323,2.681033,0.817095,1.7918,0.0,0.0
a60m,entropy,0,0.316609,0.037659,2.687316,0.819041,1.7015,0.0723,0.0
a60m,joint|mask,0,0.297801,0.026648,2.782057,0.835772,1.1582,0.0786,0.0
a60m,uniform,1,0.315493,0.056208,2.735019,0.825006,1.7918,0.0,0.0
a60m,entropy,1,0.310358,0.031719,2.726472,0.82375,1.7015,0.0723,0.0
a60m,joint|mask,1,0.294229,0.028604,2.81823,0.840426,1.1582,0.0786,0.0
a60m,uniform,2,0.310805,0.052176,2.73824,0.827334,1.7918,0.0,0.0
a60m,entropy,2,0.308461,0.02953,2.74375,0.828156,1.7015,0.0723,0.0
a60m,joint|mask,2,0.293615,0.030922,2.807666,0.837923,1.1582,0.0786,0.0
a60n,uniform,0,0.298192,0.077932,2.858493,0.845509,1.7918,-0.0,0.0
a60n,entropy,0,0.299475,0.056662,2.824242,0.838307,1.7098,0.1217,0.0
a60n,joint|mask,0,0.273859,0.028587,2.93542,0.85564,1.1738,0.1185,0.0
a60n,uniform,1,0.295904,0.066631,2.873694,0.846999,1.7918,-0.0,0.0
a60n,entropy,1,0.295792,0.045731,2.836633,0.840676,1.7098,0.1217,0.0
a60n,joint|mask,1,0.264594,0.026774,2.974947,0.863586,1.1738,0.1185,0.0
a60n,uniform,2,0.295736,0.062263,2.868143,0.84416,1.7918,-0.0,0.0
a60n,entropy,2,0.291718,0.045177,2.846531,0.84385,1.7098,0.1217,0.0
a60n,joint|mask,2,0.269003,0.024104,2.955151,0.859152,1.1738,0.1185,0.0
a60,uniform,0,0.294676,0.065006,2.844206,0.845759,1.7918,-0.0,0.0
a60,entropy,0,0.301317,0.044962,2.780752,0.833616,1.6735,0.1185,0.0
a60,joint|mask,0,0.290044,0.029591,2.828798,0.838724,1.1574,0.1132,0.0
a60,uniform,1,0.284965,0.057267,2.895513,0.852826,1.7918,-0.0,0.0
a60,entropy,1,0.293448,0.038452,2.821688,0.839686,1.6735,0.1185,0.0
a60,joint|mask,1,0.290657,0.025186,2.844731,0.843709,1.1574,0.1132,0.0
a60,uniform,2,0.287867,0.060215,2.87727,0.85043,1.7918,-0.0,0.0
a60,entropy,2,0.288537,0.032785,2.829983,0.846303,1.6735,0.1185,0.0
a60,joint|mask,2,0.285858,0.029225,2.880981,0.845064,1.1574,0.1132,0.0
a60,confidence,0,0.291829,0.039682,2.810118,0.839771,1.6665,0.1196,0.0
a60,confidence,1,0.290713,0.036155,2.835011,0.844352,1.6665,0.1196,0.0
a60,confidence,2,0.298806,0.048284,2.81942,0.8391,1.6665,0.1196,0.0
l60_180,uniform,0,0.199074,0.167221,3.391996,0.947334,1.7918,0.0,0.8333
l60_180,oracle,0,0.143152,0.390995,5.576959,1.160562,0.0,0.5666,0.8333
l60_180,confidence,0,0.192153,0.202599,3.550835,0.97218,1.724,0.1037,0.8333
l60_180,entropy,0,0.199018,0.19233,3.433299,0.955617,1.7645,0.1136,0.8333
l60_180,prototype|blend0.5,0,0.173959,0.317767,3.983682,1.059086,1.3498,0.5666,0.8333
l60_180,joint|mask,0,0.126019,0.437442,5.885823,1.212594,0.0,0.5666,0.8333
l60_180,joint|blend0.25,0,0.195167,0.228229,3.570844,0.982625,1.6675,0.5666,0.8333
l60_180,uniform,1,0.190479,0.155732,3.435107,0.947569,1.7918,0.0,0.8333
l60_180,oracle,1,0.116977,0.440092,6.175889,1.22291,0.0,0.5666,0.8333
l60_180,confidence,1,0.198962,0.176071,3.405956,0.950532,1.724,0.1037,0.8333
l60_180,entropy,1,0.179038,0.203067,3.494408,0.975162,1.7645,0.1136,0.8333
l60_180,prototype|blend0.5,1,0.182442,0.282696,3.799937,1.028939,1.3498,0.5666,0.8333
l60_180,joint|mask,1,0.144213,0.378405,5.315936,1.146759,0.0,0.5666,0.8333
l60_180,joint|blend0.25,1,0.197343,0.210975,3.495772,0.97024,1.6675,0.5666,0.8333
l60_180,uniform,2,0.17848,0.189393,3.554838,0.970561,1.7918,0.0,0.8333
l60_180,oracle,2,0.146947,0.387816,5.281646,1.156935,0.0,0.5666,0.8333
l60_180,confidence,2,0.188749,0.19146,3.457086,0.964737,1.724,0.1037,0.8333
l60_180,entropy,2,0.190144,0.189859,3.474732,0.963602,1.7645,0.1136,0.8333
l60_180,prototype|blend0.5,2,0.169829,0.315331,4.046294,1.064139,1.3498,0.5666,0.8333
l60_180,joint|mask,2,0.140362,0.39129,5.471618,1.160112,0.0,0.5666,0.8333
l60_180,joint|blend0.25,2,0.203817,0.219044,3.543413,0.97524,1.6675,0.5666,0.8333
l6r,uniform,0,0.272408,0.035689,2.86015,0.858162,1.7918,-0.0,0.8333
l6r,joint|blend0.25,0,0.264538,0.071753,2.911318,0.863312,1.6675,0.6192,0.8333
l6r,uniform,1,0.275589,0.033366,2.828327,0.851784,1.7918,-0.0,0.8333
l6r,joint|blend0.25,1,0.273803,0.062946,2.893643,0.856479,1.6675,0.6192,0.8333
l6r,uniform|cal,0,0.130539,0.053559,3.774397,0.965726,1.7918,-0.0,0.8333
l6r,uniform|calsup,0,0.195948,0.055152,3.318592,0.916784,1.7918,-0.0,0.8333
l6r,joint|blend0.25|calsup,0,0.195502,0.058559,3.343191,0.919806,1.6675,0.6192,0.8333
l6r,uniform|cal,1,0.136678,0.056658,3.753558,0.965237,1.7918,-0.0,0.8333
l6r,uniform|calsup,1,0.201752,0.056226,3.297718,0.913604,1.7918,-0.0,0.8333
l6r,joint|blend0.25|calsup,1,0.206831,0.060552,3.30131,0.908844,1.6675,0.6192,0.8333
f60,uniform,0,0.296964,0.071978,2.755167,0.840568,1.7918,0.0,0.0
f60,oracle,0,0.275979,0.097894,2.876417,0.864852,1.7918,0.0,0.0
f60,confidence,0,0.266492,0.12432,2.949057,0.878,1.695,0.0762,0.0
f60,entropy,0,0.294955,0.087831,2.793504,0.844297,1.732,0.0801,0.0
f60,prototype|blend0.5,0,0.281784,0.095946,2.838338,0.860217,1.7916,0.0674,0.0
f60,joint|mask,0,0.262473,0.154123,3.059496,0.894366,1.2208,0.0903,0.0
f60,joint|blend0.25,0,0.293894,0.081407,2.758014,0.843051,1.7545,0.0903,0.0
f60,uniform,1,0.299866,0.063317,2.761122,0.836943,1.7918,0.0,0.0
f60,oracle,1,0.292667,0.06684,2.777609,0.843125,1.7918,0.0,0.0
f60,confidence,1,0.279886,0.127375,2.922098,0.873322,1.695,0.0762,0.0
f60,entropy,1,0.28463,0.114453,2.877564,0.861764,1.732,0.0801,0.0
f60,prototype|blend0.5,1,0.29116,0.091417,2.822443,0.850287,1.7916,0.0674,0.0
f60,joint|mask,1,0.262753,0.148425,3.012778,0.890432,1.2208,0.0903,0.0
f60,joint|blend0.25,1,0.274975,0.104439,2.906682,0.866555,1.7545,0.0903,0.0
f60,uniform,2,0.275868,0.086494,2.854689,0.858557,1.7918,0.0,0.0
f60,oracle,2,0.287644,0.060622,2.792596,0.845261,1.7918,0.0,0.0
f60,confidence,2,0.280221,0.105565,2.880454,0.859629,1.695,0.0762,0.0
f60,entropy,2,0.283681,0.099095,2.833308,0.854538,1.732,0.0801,0.0
f60,prototype|blend0.5,2,0.279216,0.075069,2.842875,0.853706,1.7916,0.0674,0.0
f60,joint|mask,2,0.255497,0.152236,3.083255,0.898823,1.2208,0.0903,0.0
f60,joint|blend0.25,2,0.272798,0.101867,2.890667,0.865824,1.7545,0.0903,0.0
l60,uniform,0,0.106597,0.205503,3.954131,1.021038,1.7918,nan,0.8333
l60,oracle,0,0.094374,0.406587,6.001611,1.200682,0.0,0.5547,0.8333
l60,confidence,0,0.114019,0.195061,3.937078,1.011869,1.7239,0.0953,0.8333
l60,entropy,0,0.11614,0.201615,3.981347,1.016292,1.7647,0.1071,0.8333
l60,prototype|blend0.5,0,0.110727,0.336045,4.52871,1.122247,1.3498,0.5547,0.8333
l60,joint|mask,0,0.101518,0.400878,5.854736,1.195496,0.0,0.5547,0.8333
l60,joint|blend0.25,0,0.119824,0.243337,4.076753,1.042771,1.6675,0.5547,0.8333
l60,uniform,1,0.144547,0.094961,3.580995,0.955317,1.7918,nan,0.8333
l60,oracle,1,0.084384,0.363584,5.573288,1.164425,0.0,0.5547,0.8333
l60,confidence,1,0.131153,0.133671,3.663157,0.973112,1.7239,0.0953,0.8333
l60,entropy,1,0.133888,0.137376,3.667108,0.976222,1.7647,0.1071,0.8333
l60,prototype|blend0.5,1,0.119935,0.227217,4.09393,1.034634,1.3498,0.5547,0.8333
l60,joint|mask,1,0.092533,0.317595,5.338281,1.125748,0.0,0.5547,0.8333
l60,joint|blend0.25,1,0.13785,0.17346,3.814754,0.993371,1.6675,0.5547,0.8333
l60,uniform,2,0.112457,0.168487,3.85384,0.999966,1.7918,nan,0.8333
l60,oracle,2,0.093202,0.380833,5.724843,1.181833,0.0,0.5547,0.8333
l60,confidence,2,0.10855,0.195378,4.011139,1.017782,1.7239,0.0953,0.8333
l60,entropy,2,0.09856,0.228526,4.145175,1.040678,1.7647,0.1071,0.8333
l60,prototype|blend0.5,2,0.116754,0.261247,4.196474,1.056509,1.3498,0.5547,0.8333
l60,joint|mask,2,0.091137,0.372422,5.495747,1.172739,0.0,0.5547,0.8333
l60,joint|blend0.25,2,0.125795,0.204333,3.887161,1.012277,1.6675,0.5547,0.8333
